contact_id,lead_id,이름,직책,LinkedIn,이메일,전화,소스,소스URL,수집일,발송일,응답일,메모
A11-001-C01,A11-001,이일구,대표,,,,THE VC,https://thevc.kr/docenty,2026-05-21,,,LinkedIn 미확인
A11-002-C01,A11-002,김도아,대표,https://www.linkedin.com/in/doah-kim-062594b9/,,,LinkedIn,https://www.linkedin.com/in/doah-kim-062594b9/,2026-05-21,,,마이리얼트립 COO 10년 출신
A11-003-C01,A11-003,강익선,대표,,,,뉴스,https://v.daum.net/v/20251128091238235,2026-05-21,,,LinkedIn 미확인
A11-004-C01,A11-004,채찬,대표,https://www.linkedin.com/in/cockssla/,,,LinkedIn,https://www.linkedin.com/in/cockssla/,2026-05-21,,,
A11-005-C01,A11-005,정우철,대표,,,,aitimes,https://www.aitimes.com/news/articleView.html?idxno=157828,2026-05-21,,,인하대 전자공학·음성인식 전문 30년 LinkedIn 미확인
A11-006-C01,A11-006,박지혁,대표,https://kr.linkedin.com/in/jihyukpark/ko,,,LinkedIn,https://kr.linkedin.com/in/jihyukpark/ko,2026-05-21,,,포브스 아시아 30 Under 30 AI 부문
A11-007-C01,A11-007,김민준,대표,https://www.linkedin.com/in/mjkim-langcode/,,,LinkedIn,https://www.linkedin.com/in/mjkim-langcode/,2026-05-21,,,서울대 계산과학+경제학 출신
A11-008-C01,A11-008,황성욱,대표,https://www.linkedin.com/in/seongwook-hwang/,,,LinkedIn,https://www.linkedin.com/in/seongwook-hwang/,2026-05-21,,,중앙대 경영학과·VC 투자심사역 출신
A11-009-C01,A11-009,Itay Gavish,대표,,,,venturesquare,https://www.venturesquare.net/1081888,2026-05-21,,,이스라엘 공동창업자 LinkedIn 미확인
